model,lookback,feature_selection,selected_features,n_selected_features,params,rmse_val,mae_val,mape_val,mbe_val,abs_mbe_val,rmse_val_orig,mae_val_orig,mape_val_orig,mbe_val_orig,abs_mbe_val_orig,rank_rmse_val,rank_abs_mbe_val
decision_tree,12,importance,"lag_4, lag_1, lag_9, lag_6, lag_2, lag_3",6,"{'max_depth': 5, 'min_samples_leaf': 2, 'random_state': 42}",0.048317350169636036,0.04380728000787448,515.5931584071682,0.02836986285257286,0.02836986285257286,77028.14807237746,61719.824427281885,30.26411873388573,61719.824427281885,61719.824427281885,77028.14807237746,61719.824427281885
decision_tree,8,importance,"lag_4, lag_1, lag_2, lag_8, lag_5, lag_3",6,"{'max_depth': None, 'min_samples_leaf': 1, 'random_state': 42}",0.06059756584317429,0.04995684500406137,474.39357846987997,0.02762703200480553,0.02762703200480553,86845.40341608383,72699.56513507021,35.925121648746604,72363.94770888056,72363.94770888056,86845.40341608383,72363.94770888056
decision_tree,12,importance,"lag_4, lag_1, lag_9, lag_6, lag_2, lag_3",6,"{'max_depth': 5, 'min_samples_leaf': 1, 'random_state': 42}",0.04336809169482912,0.038471614874842075,464.68709968613143,0.033207455946729435,0.033207455946729435,97056.3398745241,76926.3120509063,37.56332613193154,76926.3120509063,76926.3120509063,97056.3398745241,76926.3120509063
decision_tree,12,importance,"lag_4, lag_1, lag_9, lag_6, lag_2, lag_3",6,"{'max_depth': 3, 'min_samples_leaf': 1, 'random_state': 42}",0.045007581306084204,0.0403633529913062,484.1746537862823,0.03532175148865993,0.03532175148865993,105431.0185217824,83603.46811787388,40.820444725735086,83603.46811787388,83603.46811787388,105431.0185217824,83603.46811787388
decision_tree,12,importance,"lag_4, lag_1, lag_9, lag_6, lag_2, lag_3",6,"{'max_depth': 3, 'min_samples_leaf': 2, 'random_state': 42}",0.045007581306084204,0.0403633529913062,484.1746537862823,0.03532175148865993,0.03532175148865993,105431.0185217824,83603.46811787388,40.820444725735086,83603.46811787388,83603.46811787388,105431.0185217824,83603.46811787388
decision_tree,6,importance,"lag_4, lag_1, lag_5, lag_6, lag_2, lag_3",6,"{'max_depth': 5, 'min_samples_leaf': 2, 'random_state': 42}",0.04571172836657376,0.041162323813961565,492.4051731142117,0.03621471887868651,0.03621471887868651,109054.14834376067,86483.8303124954,42.22473102823341,86483.8303124954,86483.8303124954,109054.14834376067,86483.8303124954
decision_tree,12,importance,"lag_4, lag_1, lag_9, lag_6, lag_2, lag_3",6,"{'max_depth': None, 'min_samples_leaf': 4, 'random_state': 42}",0.11449410296205935,0.1097752983691834,993.1143490971057,-0.09728251950718418,0.09728251950718418,113307.32814853574,93300.03365285195,45.87711094187401,-90099.18008854988,90099.18008854988,113307.32814853574,90099.18008854988
decision_tree,12,importance,"lag_4, lag_1, lag_9, lag_6, lag_2, lag_3",6,"{'max_depth': 5, 'min_samples_leaf': 4, 'random_state': 42}",0.1146687611230453,0.11016141045650472,994.1256606528627,-0.09805026252648041,0.09805026252648041,114071.23430401602,94252.40645512489,46.376768081340636,-91286.01887590178,91286.01887590178,114071.23430401602,91286.01887590178
decision_tree,12,importance,"lag_4, lag_1, lag_9, lag_6, lag_2, lag_3",6,"{'max_depth': 3, 'min_samples_leaf': 4, 'random_state': 42}",0.04739857241783119,0.04304770107559489,511.82720149409533,0.038321905229923764,0.038321905229923764,117812.23914800916,93426.46386735949,45.6077134033192,93426.46386735949,93426.46386735949,117812.23914800916,93426.46386735949
decision_tree,6,importance,"lag_4, lag_1, lag_5, lag_6, lag_2, lag_3",6,"{'max_depth': None, 'min_samples_leaf': 4, 'random_state': 42}",0.08809359922542963,0.07112675374272859,1132.3102114607582,0.04488188114284861,0.04488188114284861,133924.82121138056,103590.66324794009,50.35686958794984,103590.66324794009,103590.66324794009,133924.82121138056,103590.66324794009
decision_tree,12,importance,"lag_4, lag_1, lag_9, lag_6, lag_2, lag_3",6,"{'max_depth': None, 'min_samples_leaf': 1, 'random_state': 42}",0.13089906136246807,0.11566733218808112,804.4074722787492,-0.11566733218808112,0.11566733218808112,138942.98253302302,128163.48396950419,64.70416506465743,-128163.48396950419,128163.48396950419,138942.98253302302,128163.48396950419
decision_tree,6,importance,"lag_4, lag_1, lag_5, lag_6, lag_2, lag_3",6,"{'max_depth': 5, 'min_samples_leaf': 4, 'random_state': 42}",0.057535134122118727,0.04724479672797387,433.9824878688601,0.04489034985727471,0.04489034985727471,141021.66578021273,110978.27103722254,54.09104288586727,110978.27103722254,110978.27103722254,141021.66578021273,110978.27103722254
decision_tree,6,importance,"lag_4, lag_1, lag_5, lag_6, lag_2, lag_3",6,"{'max_depth': None, 'min_samples_leaf': 2, 'random_state': 42}",0.0679861589955077,0.0561924123500144,314.04135468831413,0.04733761042260306,0.04733761042260306,162700.02077728603,130218.18698179834,63.65173228066945,130218.18698179834,130218.18698179834,162700.02077728603,130218.18698179834
decision_tree,12,importance,"lag_4, lag_1, lag_9, lag_6, lag_2, lag_3",6,"{'max_depth': None, 'min_samples_leaf': 2, 'random_state': 42}",0.05851152927987492,0.04940788356147005,623.2014132580986,0.046105998434272245,0.046105998434272245,164786.8444351175,138350.98637940927,68.36237962644202,138350.98637940927,138350.98637940927,164786.8444351175,138350.98637940927
decision_tree,8,importance,"lag_4, lag_1, lag_2, lag_8, lag_5, lag_3",6,"{'max_depth': 5, 'min_samples_leaf': 1, 'random_state': 42}",0.056482650745213185,0.05270422848500645,611.3029686062116,0.04911449468750138,0.04911449468750138,167626.37147385004,132431.84283277122,64.57017324477187,132431.84283277122,132431.84283277122,167626.37147385004,132431.84283277122
decision_tree,8,importance,"lag_4, lag_1, lag_2, lag_8, lag_5, lag_3",6,"{'max_depth': 5, 'min_samples_leaf': 2, 'random_state': 42}",0.05673473760858659,0.05296343150243418,613.9731229902056,0.04940419217756768,0.04940419217756768,169086.51514414165,133563.88163137686,65.11948265629812,133563.88163137686,133563.88163137686,169086.51514414165,133563.88163137686
decision_tree,6,importance,"lag_4, lag_1, lag_5, lag_6, lag_2, lag_3",6,"{'max_depth': 5, 'min_samples_leaf': 1, 'random_state': 42}",0.05727603666182226,0.05351877938146127,619.6939845316397,0.05002487510118618,0.05002487510118618,172238.0089319495,136005.1856985414,66.3039137173871,136005.1856985414,136005.1856985414,172238.0089319495,136005.1856985414
decision_tree,8,importance,"lag_4, lag_1, lag_2, lag_8, lag_5, lag_3",6,"{'max_depth': 3, 'min_samples_leaf': 1, 'random_state': 42}",0.057966536062612095,0.054224842553960005,626.9674248416078,0.05081400452927301,0.05081400452927301,176290.71552352872,139140.58900316953,67.8247292431845,139140.58900316953,139140.58900316953,176290.71552352872,139140.58900316953
decision_tree,8,importance,"lag_4, lag_1, lag_2, lag_8, lag_5, lag_3",6,"{'max_depth': 3, 'min_samples_leaf': 2, 'random_state': 42}",0.057966536062612095,0.054224842553960005,626.9674248416078,0.05081400452927301,0.05081400452927301,176290.71552352872,139140.58900316953,67.8247292431845,139140.58900316953,139140.58900316953,176290.71552352872,139140.58900316953
decision_tree,6,importance,"lag_4, lag_1, lag_5, lag_6, lag_2, lag_3",6,"{'max_depth': 3, 'min_samples_leaf': 1, 'random_state': 42}",0.05873760133986078,0.05501030234697001,635.058761626842,0.05169187135675477,0.05169187135675477,180860.35573730903,142670.5704710166,69.53644628233991,142670.5704710166,142670.5704710166,180860.35573730903,142670.5704710166
decision_tree,6,importance,"lag_4, lag_1, lag_5, lag_6, lag_2, lag_3",6,"{'max_depth': 3, 'min_samples_leaf': 2, 'random_state': 42}",0.05873760133986078,0.05501030234697001,635.058761626842,0.05169187135675477,0.05169187135675477,180860.35573730903,142670.5704710166,69.53644628233991,142670.5704710166,142670.5704710166,180860.35573730903,142670.5704710166
decision_tree,8,importance,"lag_4, lag_1, lag_2, lag_8, lag_5, lag_3",6,"{'max_depth': 3, 'min_samples_leaf': 4, 'random_state': 42}",0.059501688438336815,0.055785696350533924,643.0464066723559,0.05255848818426739,0.05255848818426739,185435.5836944496,146199.2794223993,71.24703832580337,146199.2794223993,146199.2794223993,185435.5836944496,146199.2794223993
decision_tree,6,importance,"lag_4, lag_1, lag_5, lag_6, lag_2, lag_3",6,"{'max_depth': 3, 'min_samples_leaf': 4, 'random_state': 42}",0.0623659690264153,0.05866849822450635,672.7433065709841,0.05578044321988364,0.05578044321988364,203020.64853500144,159711.61022666327,77.79277620312405,159711.61022666327,159711.61022666327,203020.64853500144,159711.61022666327
decision_tree,6,importance,"lag_4, lag_1, lag_5, lag_6, lag_2, lag_3",6,"{'max_depth': None, 'min_samples_leaf': 1, 'random_state': 42}",0.06998184324756189,0.06294995813716267,917.8687012291757,0.0575940140900174,0.0575940140900174,219863.3614308834,168902.29334834093,81.82487341998488,168607.7004062326,168607.7004062326,219863.3614308834,168607.7004062326
decision_tree,8,importance,"lag_4, lag_1, lag_2, lag_8, lag_5, lag_3",6,"{'max_depth': None, 'min_samples_leaf': 2, 'random_state': 42}",0.07905736233978014,0.06115915675422341,1028.9615725213753,0.06115915675422341,0.06115915675422341,230189.0577506255,186645.320519692,91.62834151120683,186645.320519692,186645.320519692,230189.0577506255,186645.320519692
decision_tree,8,importance,"lag_4, lag_1, lag_2, lag_8, lag_5, lag_3",6,"{'max_depth': 5, 'min_samples_leaf': 4, 'random_state': 42}",0.12304575690531387,0.10875340148128124,855.8960201127883,0.10875340148128124,0.10875340148128124,675194.3293760458,486030.7844353676,232.78156590305957,486030.7844353676,486030.7844353676,675194.3293760458,486030.7844353676
decision_tree,8,importance,"lag_4, lag_1, lag_2, lag_8, lag_5, lag_3",6,"{'max_depth': None, 'min_samples_leaf': 4, 'random_state': 42}",0.1275601808269061,0.1137957383554165,1006.2538463049486,0.11234186817270812,0.11234186817270812,703770.455702986,492928.9060690642,234.99662090727554,492716.1740439256,492716.1740439256,703770.455702986,492716.1740439256
gradient_boosting,12,importance,"lag_4, lag_1, lag_9, lag_6, lag_2, lag_3",6,"{'n_estimators': 400, 'learning_rate': 0.05, 'max_depth': 3, 'random_state': 42}",0.05469431121755752,0.04410775565936225,392.35642563398585,0.018965106833860348,0.018965106833860348,51060.269575538296,42236.40560508061,21.01824182002982,42215.23913067328,42215.23913067328,51060.269575538296,42215.23913067328
gradient_boosting,12,importance,"lag_4, lag_1, lag_9, lag_6, lag_2, lag_3",6,"{'n_estimators': 400, 'learning_rate': 0.03, 'max_depth': 3, 'random_state': 42}",0.04379522792979862,0.03608928034687953,467.282998765885,0.020346923136838516,0.020346923136838516,53404.76087182308,41141.38562231711,20.045087991886632,40917.51153019534,40917.51153019534,53404.76087182308,40917.51153019534
gradient_boosting,12,importance,"lag_4, lag_1, lag_9, lag_6, lag_2, lag_3",6,"{'n_estimators': 200, 'learning_rate': 0.03, 'max_depth': 3, 'random_state': 42}",0.0464000854070221,0.03838120546613837,405.9770466917467,0.026686187154655264,0.026686187154655264,73554.801490712,58197.11366020618,28.454381679951897,58197.11366020618,58197.11366020618,73554.801490712,58197.11366020618
gradient_boosting,12,importance,"lag_4, lag_1, lag_9, lag_6, lag_2, lag_3",6,"{'n_estimators': 200, 'learning_rate': 0.05, 'max_depth': 3, 'random_state': 42}",0.0545924465839791,0.045201648586731966,439.7650595046346,0.02973613075030074,0.02973613075030074,90195.23553396396,71797.53467637977,35.156514419599034,71797.53467637977,71797.53467637977,90195.23553396396,71797.53467637977
gradient_boosting,12,importance,"lag_4, lag_1, lag_9, lag_6, lag_2, lag_3",6,"{'n_estimators': 200, 'learning_rate': 0.03, 'max_depth': 2, 'random_state': 42}",0.04634517644515619,0.03922899417252843,495.61537665632744,0.032346862050903695,0.032346862050903695,96032.436697185,77057.47479831253,37.73246893389374,77057.47479831253,77057.47479831253,96032.436697185,77057.47479831253
gradient_boosting,12,importance,"lag_4, lag_1, lag_9, lag_6, lag_2, lag_3",6,"{'n_estimators': 400, 'learning_rate': 0.1, 'max_depth': 3, 'random_state': 42}",0.05599085300221073,0.0442368458099079,489.9685206020605,0.03258870075757694,0.03258870075757694,99635.14182449694,78807.61951459528,38.5337266018677,78807.61951459528,78807.61951459528,99635.14182449694,78807.61951459528
gradient_boosting,12,importance,"lag_4, lag_1, lag_9, lag_6, lag_2, lag_3",6,"{'n_estimators': 200, 'learning_rate': 0.1, 'max_depth': 3, 'random_state': 42}",0.05583210545364551,0.044227607615191976,486.83395056401525,0.032822150295887864,0.032822150295887864,100854.64662851782,80002.53784962185,39.13710324215292,80002.53784962185,80002.53784962185,100854.64662851782,80002.53784962185
gradient_boosting,12,importance,"lag_4, lag_1, lag_9, lag_6, lag_2, lag_3",6,"{'n_estimators': 400, 'learning_rate': 0.03, 'max_depth': 2, 'random_state': 42}",0.05003482063421491,0.04452198878765531,472.76402074964506,0.034148758404537134,0.034148758404537134,105895.34663001902,83753.87918650275,40.86156712526818,83753.87918650275,83753.87918650275,105895.34663001902,83753.87918650275
gradient_boosting,12,importance,"lag_4, lag_1, lag_9, lag_6, lag_2, lag_3",6,"{'n_estimators': 200, 'learning_rate': 0.05, 'max_depth': 2, 'random_state': 42}",0.05096310573969815,0.04509517531123612,525.9998628946742,0.03501458760000259,0.03501458760000259,106714.42239156096,84305.43651811492,41.129490666862786,84305.43651811492,84305.43651811492,106714.42239156096,84305.43651811492
gradient_boosting,12,importance,"lag_4, lag_1, lag_9, lag_6, lag_2, lag_3",6,"{'n_estimators': 200, 'learning_rate': 0.1, 'max_depth': 2, 'random_state': 42}",0.06483232946695468,0.05332624379737246,561.866451100295,0.04012277563761504,0.04012277563761504,118708.13785802558,92865.00646982854,45.293403899585805,92865.00646982854,92865.00646982854,118708.13785802558,92865.00646982854
gradient_boosting,8,importance,"lag_4, lag_1, lag_2, lag_8, lag_5, lag_3",6,"{'n_estimators': 400, 'learning_rate': 0.1, 'max_depth': 2, 'random_state': 42}",0.06314082457913336,0.05088295010531481,572.7663591954301,0.03761663096460297,0.03761663096460297,118964.89701246023,97195.92868500626,47.81405487838266,97195.92868500626,97195.92868500626,118964.89701246023,97195.92868500626
gradient_boosting,8,importance,"lag_4, lag_1, lag_2, lag_8, lag_5, lag_3",6,"{'n_estimators': 400, 'learning_rate': 0.05, 'max_depth': 2, 'random_state': 42}",0.0566236605528356,0.048177923789582286,569.7004938601503,0.04061750922824481,0.04061750922824481,121791.7604259123,97737.48460619873,47.87942479006315,97737.48460619873,97737.48460619873,121791.7604259123,97737.48460619873
gradient_boosting,8,importance,"lag_4, lag_1, lag_2, lag_8, lag_5, lag_3",6,"{'n_estimators': 200, 'learning_rate': 0.1, 'max_depth': 2, 'random_state': 42}",0.057742535005124086,0.04801978546012256,577.8272777449286,0.04059574575418707,0.04059574575418707,123857.16700701504,100175.30873455637,49.14801944287669,100175.30873455637,100175.30873455637,123857.16700701504,100175.30873455637
gradient_boosting,12,importance,"lag_4, lag_1, lag_9, lag_6, lag_2, lag_3",6,"{'n_estimators': 400, 'learning_rate': 0.05, 'max_depth': 2, 'random_state': 42}",0.060371167401861985,0.050125302330103684,601.5721225292968,0.039110956681278446,0.039110956681278446,124858.61341995347,97647.33141224836,47.5520690373068,97647.33141224836,97647.33141224836,124858.61341995347,97647.33141224836
gradient_boosting,12,importance,"lag_4, lag_1, lag_9, lag_6, lag_2, lag_3",6,"{'n_estimators': 400, 'learning_rate': 0.1, 'max_depth': 2, 'random_state': 42}",0.0647523708975721,0.054863462642884754,539.9663225646335,0.04100339367934129,0.04100339367934129,126483.9967476771,96358.0811315008,46.70220494855933,96358.0811315008,96358.0811315008,126483.9967476771,96358.0811315008
gradient_boosting,6,importance,"lag_4, lag_1, lag_5, lag_6, lag_2, lag_3",6,"{'n_estimators': 200, 'learning_rate': 0.05, 'max_depth': 2, 'random_state': 42}",0.04985028796919516,0.04456768339064912,504.47572556189266,0.040635758906596396,0.040635758906596396,128126.2043674673,102182.43806415646,49.92928035724991,102182.43806415646,102182.43806415646,128126.2043674673,102182.43806415646
gradient_boosting,6,importance,"lag_4, lag_1, lag_5, lag_6, lag_2, lag_3",6,"{'n_estimators': 400, 'learning_rate': 0.05, 'max_depth': 2, 'random_state': 42}",0.049635074451130384,0.04479967102020857,400.7335506695899,0.04095709100071363,0.04095709100071363,139117.26676338617,111575.614886168,54.51705276805352,111575.614886168,111575.614886168,139117.26676338617,111575.614886168
gradient_boosting,6,importance,"lag_4, lag_1, lag_5, lag_6, lag_2, lag_3",6,"{'n_estimators': 400, 'learning_rate': 0.1, 'max_depth': 3, 'random_state': 42}",0.056130479618817584,0.04648102294545009,446.54478519539805,0.04151635808362938,0.04151635808362938,140316.08965229572,111469.27136334115,54.38996467693653,111451.79513823756,111451.79513823756,140316.08965229572,111451.79513823756
gradient_boosting,6,importance,"lag_4, lag_1, lag_5, lag_6, lag_2, lag_3",6,"{'n_estimators': 200, 'learning_rate': 0.03, 'max_depth': 2, 'random_state': 42}",0.05278940610901205,0.048353387900575986,567.4834764179244,0.04423028560455734,0.04423028560455734,144133.74049154887,114197.70459042834,55.723932991845885,114197.70459042834,114197.70459042834,144133.74049154887,114197.70459042834
gradient_boosting,8,importance,"lag_4, lag_1, lag_2, lag_8, lag_5, lag_3",6,"{'n_estimators': 200, 'learning_rate': 0.05, 'max_depth': 3, 'random_state': 42}",0.05801601314226842,0.04903233337300382,553.4582933541606,0.044530531031488685,0.044530531031488685,144392.54908971788,115399.16642026807,56.43075893439941,115399.16642026807,115399.16642026807,144392.54908971788,115399.16642026807
gradient_boosting,6,importance,"lag_4, lag_1, lag_5, lag_6, lag_2, lag_3",6,"{'n_estimators': 400, 'learning_rate': 0.1, 'max_depth': 2, 'random_state': 42}",0.06599383546347973,0.05483173658296545,494.32430103975065,0.04595587256852977,0.04595587256852977,145164.4995956922,111784.85728934963,54.27683695017282,111784.85728934963,111784.85728934963,145164.4995956922,111784.85728934963
gradient_boosting,8,importance,"lag_4, lag_1, lag_2, lag_8, lag_5, lag_3",6,"{'n_estimators': 200, 'learning_rate': 0.03, 'max_depth': 2, 'random_state': 42}",0.05274310229497104,0.04862559734412722,571.5743209636404,0.04459050333396635,0.04459050333396635,145394.53027657527,115175.06704672978,56.19613311271961,115175.06704672978,115175.06704672978,145394.53027657527,115175.06704672978
gradient_boosting,8,importance,"lag_4, lag_1, lag_2, lag_8, lag_5, lag_3",6,"{'n_estimators': 200, 'learning_rate': 0.03, 'max_depth': 3, 'random_state': 42}",0.055717146185008205,0.04769582629114886,598.6027881306509,0.043868917063587795,0.043868917063587795,145991.5090800735,118008.89063559151,57.83655474594806,118008.89063559151,118008.89063559151,145991.5090800735,118008.89063559151
gradient_boosting,6,importance,"lag_4, lag_1, lag_5, lag_6, lag_2, lag_3",6,"{'n_estimators': 400, 'learning_rate': 0.05, 'max_depth': 3, 'random_state': 42}",0.05752133548647587,0.05148003724445791,446.43413889950654,0.046960992472036375,0.046960992472036375,150353.5117612107,115664.10546852878,56.07360927773991,115664.10546852878,115664.10546852878,150353.5117612107,115664.10546852878
gradient_boosting,6,importance,"lag_4, lag_1, lag_5, lag_6, lag_2, lag_3",6,"{'n_estimators': 400, 'learning_rate': 0.03, 'max_depth': 3, 'random_state': 42}",0.053212450721667914,0.048549653934221726,468.35778928568976,0.04507629728620405,0.04507629728620405,150617.2091234819,119050.15373489594,58.01517342530529,119050.15373489594,119050.15373489594,150617.2091234819,119050.15373489594
gradient_boosting,8,importance,"lag_4, lag_1, lag_2, lag_8, lag_5, lag_3",6,"{'n_estimators': 400, 'learning_rate': 0.03, 'max_depth': 3, 'random_state': 42}",0.06535864170607984,0.055088339044347456,591.5891040545927,0.04693614989420959,0.04693614989420959,152854.30425163844,122113.99742021602,59.75706034858733,122113.99742021602,122113.99742021602,152854.30425163844,122113.99742021602
gradient_boosting,6,importance,"lag_4, lag_1, lag_5, lag_6, lag_2, lag_3",6,"{'n_estimators': 200, 'learning_rate': 0.03, 'max_depth': 3, 'random_state': 42}",0.05456451753700895,0.04957514275836872,525.1501739428328,0.045762674779605654,0.045762674779605654,153151.92159852062,121672.50327329534,59.379868763120626,121672.50327329534,121672.50327329534,153151.92159852062,121672.50327329534
gradient_boosting,6,importance,"lag_4, lag_1, lag_5, lag_6, lag_2, lag_3",6,"{'n_estimators': 200, 'learning_rate': 0.05, 'max_depth': 3, 'random_state': 42}",0.057895969158139736,0.04975987734054401,567.3953539239948,0.04525820738745673,0.04525820738745673,153920.45677843466,123207.15116609055,60.22834277191244,123207.15116609055,123207.15116609055,153920.45677843466,123207.15116609055
gradient_boosting,8,importance,"lag_4, lag_1, lag_2, lag_8, lag_5, lag_3",6,"{'n_estimators': 400, 'learning_rate': 0.03, 'max_depth': 2, 'random_state': 42}",0.0563290904187656,0.0509657987739527,608.7539927787318,0.04687995940586411,0.04687995940586411,155278.51035410268,121885.19288457901,59.36827794023797,121885.19288457901,121885.19288457901,155278.51035410268,121885.19288457901
gradient_boosting,8,importance,"lag_4, lag_1, lag_2, lag_8, lag_5, lag_3",6,"{'n_estimators': 200, 'learning_rate': 0.05, 'max_depth': 2, 'random_state': 42}",0.05583525411629985,0.05107558024712649,603.310440551651,0.04694354638281679,0.04694354638281679,155362.7445378296,121947.81254463467,59.39771606667814,121947.81254463467,121947.81254463467,155362.7445378296,121947.81254463467
gradient_boosting,8,importance,"lag_4, lag_1, lag_2, lag_8, lag_5, lag_3",6,"{'n_estimators': 200, 'learning_rate': 0.1, 'max_depth': 3, 'random_state': 42}",0.06909396758894737,0.05459476513972332,438.8776306880511,0.046205947337486966,0.046205947337486966,161693.48193650713,128565.95341961211,62.781954417175136,128565.95341961211,128565.95341961211,161693.48193650713,128565.95341961211
gradient_boosting,6,importance,"lag_4, lag_1, lag_5, lag_6, lag_2, lag_3",6,"{'n_estimators': 400, 'learning_rate': 0.03, 'max_depth': 2, 'random_state': 42}",0.05729747779598331,0.05236605604187902,564.3106070669774,0.048653842335954475,0.048653842335954475,163645.96782433122,129222.28362203862,62.99789179392189,129222.28362203862,129222.28362203862,163645.96782433122,129222.28362203862
gradient_boosting,6,importance,"lag_4, lag_1, lag_5, lag_6, lag_2, lag_3",6,"{'n_estimators': 200, 'learning_rate': 0.1, 'max_depth': 2, 'random_state': 42}",0.058127965940185045,0.0516287118199601,587.0538006928006,0.047812164469976326,0.047812164469976326,163678.39502118362,127928.35267425042,62.229533327480034,127928.35267425042,127928.35267425042,163678.39502118362,127928.35267425042
gradient_boosting,8,importance,"lag_4, lag_1, lag_2, lag_8, lag_5, lag_3",6,"{'n_estimators': 400, 'learning_rate': 0.05, 'max_depth': 3, 'random_state': 42}",0.06884571499126851,0.05555564677349114,489.1626638720113,0.05006214074084079,0.05006214074084079,170089.2712769599,133603.73080241113,65.09667253061909,133603.73080241113,133603.73080241113,170089.2712769599,133603.73080241113
gradient_boosting,8,importance,"lag_4, lag_1, lag_2, lag_8, lag_5, lag_3",6,"{'n_estimators': 400, 'learning_rate': 0.1, 'max_depth': 3, 'random_state': 42}",0.07360908447943086,0.06037667455580747,461.9702049497167,0.05053890347316601,0.05053890347316601,178146.79170299825,139799.0856209187,68.06048025252775,139799.0856209187,139799.0856209187,178146.79170299825,139799.0856209187
gradient_boosting,6,importance,"lag_4, lag_1, lag_5, lag_6, lag_2, lag_3",6,"{'n_estimators': 200, 'learning_rate': 0.1, 'max_depth': 3, 'random_state': 42}",0.06390415816341899,0.058340632588823334,549.8534916228909,0.054384340757636915,0.054384340757636915,190138.58542654116,145083.86430130462,70.21776724997693,145083.86430130462,145083.86430130462,190138.58542654116,145083.86430130462
random_forest,12,importance,"lag_4, lag_1, lag_9, lag_6, lag_2, lag_3",6,"{'n_estimators': 200, 'max_depth': None, 'min_samples_leaf': 1, 'random_state': 42, 'n_jobs': 1}",0.04611356167597949,0.03968049181187574,446.74955402947927,0.032923847507289786,0.032923847507289786,96948.54604524314,77449.76663147332,37.881563441704934,77449.76663147332,77449.76663147332,96948.54604524314,77449.76663147332
random_forest,12,importance,"lag_4, lag_1, lag_9, lag_6, lag_2, lag_3",6,"{'n_estimators': 400, 'max_depth': None, 'min_samples_leaf': 1, 'random_state': 42, 'n_jobs': 1}",0.04816159561658413,0.040879965590086526,459.4654645313148,0.03564978470261797,0.03564978470261797,106671.64389556852,85379.84213386849,41.778118496409014,85379.84213386849,85379.84213386849,106671.64389556852,85379.84213386849
random_forest,12,importance,"lag_4, lag_1, lag_9, lag_6, lag_2, lag_3",6,"{'n_estimators': 200, 'max_depth': None, 'min_samples_leaf': 2, 'random_state': 42, 'n_jobs': 1}",0.04850102284513167,0.041300789986552164,460.01610746821456,0.0358255096049531,0.0358255096049531,106831.32216371044,85253.52758820856,41.69300929177968,85253.52758820856,85253.52758820856,106831.32216371044,85253.52758820856
random_forest,12,importance,"lag_4, lag_1, lag_9, lag_6, lag_2, lag_3",6,"{'n_estimators': 400, 'max_depth': None, 'min_samples_leaf': 2, 'random_state': 42, 'n_jobs': 1}",0.04984080242268333,0.0427319929675373,465.22535126629066,0.03749888022996145,0.03749888022996145,114266.6349762162,91314.40763563458,44.663329366709554,91314.40763563458,91314.40763563458,114266.6349762162,91314.40763563458
random_forest,12,importance,"lag_4, lag_1, lag_9, lag_6, lag_2, lag_3",6,"{'n_estimators': 200, 'max_depth': 8, 'min_samples_leaf': 2, 'random_state': 42, 'n_jobs': 1}",0.049927876581951476,0.04346050936625894,466.29992475576677,0.038455015951236377,0.038455015951236377,118219.05973275664,94221.52762425055,46.05289133290611,94221.52762425055,94221.52762425055,118219.05973275664,94221.52762425055
random_forest,12,importance,"lag_4, lag_1, lag_9, lag_6, lag_2, lag_3",6,"{'n_estimators': 200, 'max_depth': 4, 'min_samples_leaf': 2, 'random_state': 42, 'n_jobs': 1}",0.04827006852899931,0.04337492526746347,514.7369650939279,0.03881919773363413,0.03881919773363413,118479.37268930745,93388.25372103596,45.539490279641385,93388.25372103596,93388.25372103596,118479.37268930745,93388.25372103596
random_forest,12,importance,"lag_4, lag_1, lag_9, lag_6, lag_2, lag_3",6,"{'n_estimators': 400, 'max_depth': 4, 'min_samples_leaf': 2, 'random_state': 42, 'n_jobs': 1}",0.048257925877265136,0.04347881002936055,516.5511724919129,0.038881193531696064,0.038881193531696064,119012.25447093604,93876.19628164163,45.7822539522056,93876.19628164163,93876.19628164163,119012.25447093604,93876.19628164163
random_forest,12,importance,"lag_4, lag_1, lag_9, lag_6, lag_2, lag_3",6,"{'n_estimators': 200, 'max_depth': 4, 'min_samples_leaf': 1, 'random_state': 42, 'n_jobs': 1}",0.04815511658456644,0.043578521813578706,519.5780756728859,0.039020000524555114,0.039020000524555114,120157.76536509121,95028.77145281159,46.36654574456574,95028.77145281159,95028.77145281159,120157.76536509121,95028.77145281159
random_forest,12,importance,"lag_4, lag_1, lag_9, lag_6, lag_2, lag_3",6,"{'n_estimators': 400, 'max_depth': 4, 'min_samples_leaf': 1, 'random_state': 42, 'n_jobs': 1}",0.04837864469503105,0.04386490379545229,523.5727680686923,0.039255260797721035,0.039255260797721035,121395.2993339346,96078.39258769469,46.88471095506127,96078.39258769469,96078.39258769469,121395.2993339346,96078.39258769469
random_forest,12,importance,"lag_4, lag_1, lag_9, lag_6, lag_2, lag_3",6,"{'n_estimators': 400, 'max_depth': 8, 'min_samples_leaf': 2, 'random_state': 42, 'n_jobs': 1}",0.05085197222749786,0.04502935527617534,463.0319259061808,0.040112633064137926,0.040112633064137926,124974.86515519522,99542.08098392312,48.64195460146964,99542.08098392312,99542.08098392312,124974.86515519522,99542.08098392312
random_forest,12,importance,"lag_4, lag_1, lag_9, lag_6, lag_2, lag_3",6,"{'n_estimators': 200, 'max_depth': 8, 'min_samples_leaf': 1, 'random_state': 42, 'n_jobs': 1}",0.05118456183062582,0.04538692775282369,492.0437122293412,0.04060334311061048,0.04060334311061048,125454.16157461607,99193.5772047598,48.40667372908229,99193.5772047598,99193.5772047598,125454.16157461607,99193.5772047598
random_forest,12,importance,"lag_4, lag_1, lag_9, lag_6, lag_2, lag_3",6,"{'n_estimators': 400, 'max_depth': 8, 'min_samples_leaf': 1, 'random_state': 42, 'n_jobs': 1}",0.05163424650787665,0.046128940852922,492.3375583899098,0.04133322807734198,0.04133322807734198,128008.93169379578,100934.99998443453,49.227289541376784,100934.99998443453,100934.99998443453,128008.93169379578,100934.99998443453
random_forest,8,importance,"lag_4, lag_1, lag_2, lag_8, lag_5, lag_3",6,"{'n_estimators': 400, 'max_depth': None, 'min_samples_leaf': 2, 'random_state': 42, 'n_jobs': 1}",0.05384547052573108,0.048356004121586915,533.8009712568035,0.044042926519839584,0.044042926519839584,142166.71219488583,113304.81333845058,55.370470394370166,113304.81333845058,113304.81333845058,142166.71219488583,113304.81333845058
random_forest,8,importance,"lag_4, lag_1, lag_2, lag_8, lag_5, lag_3",6,"{'n_estimators': 400, 'max_depth': 4, 'min_samples_leaf': 2, 'random_state': 42, 'n_jobs': 1}",0.052498001615700195,0.048338935525337766,568.4732542001299,0.04401757473278658,0.04401757473278658,142625.39370979357,112730.25103374517,54.982991187524476,112730.25103374517,112730.25103374517,142625.39370979357,112730.25103374517
random_forest,6,importance,"lag_4, lag_1, lag_5, lag_6, lag_2, lag_3",6,"{'n_estimators': 200, 'max_depth': 4, 'min_samples_leaf': 2, 'random_state': 42, 'n_jobs': 1}",0.0528742217696681,0.04852202468860017,570.6317720798596,0.04439916515395742,0.04439916515395742,143586.10418807904,113286.17609772312,55.235437950717845,113286.17609772312,113286.17609772312,143586.10418807904,113286.17609772312
random_forest,8,importance,"lag_4, lag_1, lag_2, lag_8, lag_5, lag_3",6,"{'n_estimators': 200, 'max_depth': 4, 'min_samples_leaf': 2, 'random_state': 42, 'n_jobs': 1}",0.05300798271608989,0.04896394639334204,572.0334154386392,0.044587616724112496,0.044587616724112496,145334.9532229858,114811.69458900944,55.98851725941848,114811.69458900944,114811.69458900944,145334.9532229858,114811.69458900944
random_forest,6,importance,"lag_4, lag_1, lag_5, lag_6, lag_2, lag_3",6,"{'n_estimators': 200, 'max_depth': None, 'min_samples_leaf': 2, 'random_state': 42, 'n_jobs': 1}",0.05498324670761341,0.04951104324476978,546.2651338897783,0.04521349609780372,0.04521349609780372,147756.78835093067,116741.66346916356,56.93943857970779,116741.66346916356,116741.66346916356,147756.78835093067,116741.66346916356
random_forest,6,importance,"lag_4, lag_1, lag_5, lag_6, lag_2, lag_3",6,"{'n_estimators': 200, 'max_depth': None, 'min_samples_leaf': 1, 'random_state': 42, 'n_jobs': 1}",0.0554371590698253,0.05054166354428362,525.0264919707377,0.04589726595026679,0.04589726595026679,149118.05987366266,115890.66308740157,56.32458814583971,115890.66308740157,115890.66308740157,149118.05987366266,115890.66308740157
random_forest,6,importance,"lag_4, lag_1, lag_5, lag_6, lag_2, lag_3",6,"{'n_estimators': 400, 'max_depth': None, 'min_samples_leaf': 1, 'random_state': 42, 'n_jobs': 1}",0.05455606750405718,0.0501670973313919,533.3068323286254,0.04575132165839968,0.04575132165839968,149481.05178895989,117129.14867618232,57.02599583140186,117129.14867618232,117129.14867618232,149481.05178895989,117129.14867618232
random_forest,6,importance,"lag_4, lag_1, lag_5, lag_6, lag_2, lag_3",6,"{'n_estimators': 400, 'max_depth': None, 'min_samples_leaf': 2, 'random_state': 42, 'n_jobs': 1}",0.05519902771692573,0.05019861905635146,564.0185401720107,0.045822921724023045,0.045822921724023045,150987.75395272,119150.26657534896,58.097106325208216,119150.26657534896,119150.26657534896,150987.75395272,119150.26657534896
random_forest,8,importance,"lag_4, lag_1, lag_2, lag_8, lag_5, lag_3",6,"{'n_estimators': 400, 'max_depth': 4, 'min_samples_leaf': 1, 'random_state': 42, 'n_jobs': 1}",0.053902311350684136,0.04988779080230377,582.8295224097715,0.045879343497305596,0.045879343497305596,151750.34453851797,120125.8453456853,58.60243041173461,120125.8453456853,120125.8453456853,151750.34453851797,120125.8453456853
random_forest,6,importance,"lag_4, lag_1, lag_5, lag_6, lag_2, lag_3",6,"{'n_estimators': 400, 'max_depth': 4, 'min_samples_leaf': 2, 'random_state': 42, 'n_jobs': 1}",0.05417407391163947,0.050057932613648486,588.4581111580703,0.04612072627957846,0.04612072627957846,152070.76733753463,120054.70566350798,58.537288241793476,120054.70566350798,120054.70566350798,152070.76733753463,120054.70566350798
random_forest,6,importance,"lag_4, lag_1, lag_5, lag_6, lag_2, lag_3",6,"{'n_estimators': 200, 'max_depth': 8, 'min_samples_leaf': 2, 'random_state': 42, 'n_jobs': 1}",0.05567697869404469,0.05099478906726157,579.5197570603673,0.04670674606496777,0.04670674606496777,152564.9141283002,119345.65115024586,58.09135404506005,119345.65115024586,119345.65115024586,152564.9141283002,119345.65115024586
random_forest,8,importance,"lag_4, lag_1, lag_2, lag_8, lag_5, lag_3",6,"{'n_estimators': 400, 'max_depth': 8, 'min_samples_leaf': 2, 'random_state': 42, 'n_jobs': 1}",0.056137789795292464,0.051125843806105624,594.4189884516658,0.04672865296640672,0.04672865296640672,153062.19979634244,120355.00931179165,58.64932149319462,120355.00931179165,120355.00931179165,153062.19979634244,120355.00931179165
random_forest,8,importance,"lag_4, lag_1, lag_2, lag_8, lag_5, lag_3",6,"{'n_estimators': 200, 'max_depth': 8, 'min_samples_leaf': 2, 'random_state': 42, 'n_jobs': 1}",0.0559150785754418,0.05104519158666232,598.3689771371438,0.04672647516631413,0.04672647516631413,153203.2032086879,120548.69987362361,58.74889064614097,120548.69987362361,120548.69987362361,153203.2032086879,120548.69987362361
random_forest,8,importance,"lag_4, lag_1, lag_2, lag_8, lag_5, lag_3",6,"{'n_estimators': 200, 'max_depth': 4, 'min_samples_leaf': 1, 'random_state': 42, 'n_jobs': 1}",0.05433973476444376,0.05040133347090466,587.8109314405101,0.0464282948447674,0.0464282948447674,154310.5249959471,122036.32301088057,59.520482730635415,122036.32301088057,122036.32301088057,154310.5249959471,122036.32301088057
random_forest,6,importance,"lag_4, lag_1, lag_5, lag_6, lag_2, lag_3",6,"{'n_estimators': 400, 'max_depth': 8, 'min_samples_leaf': 1, 'random_state': 42, 'n_jobs': 1}",0.055534141136031015,0.05124861113750559,592.3718443631219,0.047056788514001545,0.047056788514001545,155360.04382790215,121982.19541613643,59.41345439978536,121982.19541613643,121982.19541613643,155360.04382790215,121982.19541613643
random_forest,8,importance,"lag_4, lag_1, lag_2, lag_8, lag_5, lag_3",6,"{'n_estimators': 200, 'max_depth': 8, 'min_samples_leaf': 1, 'random_state': 42, 'n_jobs': 1}",0.05573347713068711,0.051664900981376494,603.4411429892724,0.047081057660073214,0.047081057660073214,155791.55274699497,122367.63922848953,59.60520602400216,122367.63922848953,122367.63922848953,155791.55274699497,122367.63922848953
random_forest,6,importance,"lag_4, lag_1, lag_5, lag_6, lag_2, lag_3",6,"{'n_estimators': 200, 'max_depth': 8, 'min_samples_leaf': 1, 'random_state': 42, 'n_jobs': 1}",0.05576693322840543,0.051429012822203614,599.0921631948728,0.047243764729500336,0.047243764729500336,155956.60612417938,122029.01216723351,59.3935031016663,122029.01216723351,122029.01216723351,155956.60612417938,122029.01216723351
random_forest,6,importance,"lag_4, lag_1, lag_5, lag_6, lag_2, lag_3",6,"{'n_estimators': 200, 'max_depth': 4, 'min_samples_leaf': 1, 'random_state': 42, 'n_jobs': 1}",0.054984338787798875,0.051015022330963174,598.8090282830781,0.04701486263639873,0.04701486263639873,157019.7378541144,123911.14752144886,60.407546635849144,123911.14752144886,123911.14752144886,157019.7378541144,123911.14752144886
random_forest,6,importance,"lag_4, lag_1, lag_5, lag_6, lag_2, lag_3",6,"{'n_estimators': 400, 'max_depth': 8, 'min_samples_leaf': 2, 'random_state': 42, 'n_jobs': 1}",0.056462645390895766,0.051745671091517884,611.4050304860746,0.04749715473284248,0.04749715473284248,157546.64955710107,123561.89116554553,60.17165123856487,123561.89116554553,123561.89116554553,157546.64955710107,123561.89116554553
random_forest,8,importance,"lag_4, lag_1, lag_2, lag_8, lag_5, lag_3",6,"{'n_estimators': 400, 'max_depth': 8, 'min_samples_leaf': 1, 'random_state': 42, 'n_jobs': 1}",0.05626492968680221,0.0518847724824636,606.8523487246912,0.0474189797799594,0.0474189797799594,157616.8701999521,123968.4782267009,60.40489996598718,123968.4782267009,123968.4782267009,157616.8701999521,123968.4782267009
random_forest,6,importance,"lag_4, lag_1, lag_5, lag_6, lag_2, lag_3",6,"{'n_estimators': 400, 'max_depth': 4, 'min_samples_leaf': 1, 'random_state': 42, 'n_jobs': 1}",0.05535230131476208,0.05146581218021306,601.855067650376,0.04762846609711873,0.04762846609711873,159934.87042527256,126249.41632633987,61.54986760754466,126249.41632633987,126249.41632633987,159934.87042527256,126249.41632633987
random_forest,8,importance,"lag_4, lag_1, lag_2, lag_8, lag_5, lag_3",6,"{'n_estimators': 200, 'max_depth': None, 'min_samples_leaf': 2, 'random_state': 42, 'n_jobs': 1}",0.05719875131070968,0.05247198546983828,608.6112996787167,0.04825818804160608,0.04825818804160608,160537.63388417452,125918.62270096783,61.32026662394709,125918.62270096783,125918.62270096783,160537.63388417452,125918.62270096783
random_forest,8,importance,"lag_4, lag_1, lag_2, lag_8, lag_5, lag_3",6,"{'n_estimators': 400, 'max_depth': None, 'min_samples_leaf': 1, 'random_state': 42, 'n_jobs': 1}",0.05788917969407022,0.053760151274397754,637.1974797089742,0.04937649551016818,0.04937649551016818,167748.31833276784,131314.51505314573,63.909485060184636,131314.51505314573,131314.51505314573,167748.31833276784,131314.51505314573
random_forest,8,importance,"lag_4, lag_1, lag_2, lag_8, lag_5, lag_3",6,"{'n_estimators': 200, 'max_depth': None, 'min_samples_leaf': 1, 'random_state': 42, 'n_jobs': 1}",0.058361025489913676,0.05396268666856416,638.1652040533243,0.04962384375417842,0.04962384375417842,169392.5354631721,132985.91804706174,64.76274332996401,132985.91804706174,132985.91804706174,169392.5354631721,132985.91804706174
xgboost,12,importance,"lag_4, lag_1, lag_9, lag_6, lag_2, lag_3",6,"{'n_estimators': 600, 'learning_rate': 0.03, 'max_depth': 3, 'subsample': 0.8, 'colsample_bytree': 1.0, 'objective': 'reg:squarederror', 'random_state': 42, 'n_jobs': 1}",0.053663009969717554,0.04710360186849786,296.46362320255,0.009480114201947387,0.009480114201947387,25349.66648947957,21660.47776022103,10.9259320759661,21660.47776022103,21660.47776022103,25349.66648947957,21660.47776022103
xgboost,12,importance,"lag_4, lag_1, lag_9, lag_6, lag_2, lag_3",6,"{'n_estimators': 600, 'learning_rate': 0.05, 'max_depth': 3, 'subsample': 0.8, 'colsample_bytree': 1.0, 'objective': 'reg:squarederror', 'random_state': 42, 'n_jobs': 1}",0.047589744495963926,0.03964977457946159,475.9851212610548,0.00703744505402772,0.00703744505402772,27074.40142015281,23178.3826158184,11.894348620855064,23178.3826158184,23178.3826158184,27074.40142015281,23178.3826158184
xgboost,12,importance,"lag_4, lag_1, lag_9, lag_6, lag_2, lag_3",6,"{'n_estimators': 600, 'learning_rate': 0.05, 'max_depth': 3, 'subsample': 1.0, 'colsample_bytree': 0.8, 'objective': 'reg:squarederror', 'random_state': 42, 'n_jobs': 1}",0.05613052012345575,0.048534886474102715,344.26966609941235,0.014071765315749269,0.014071765315749269,27110.532703133977,20985.640676080533,10.448502200862611,20985.640676080533,20985.640676080533,27110.532703133977,20985.640676080533
xgboost,12,importance,"lag_4, lag_1, lag_9, lag_6, lag_2, lag_3",6,"{'n_estimators': 600, 'learning_rate': 0.03, 'max_depth': 3, 'subsample': 0.8, 'colsample_bytree': 0.8, 'objective': 'reg:squarederror', 'random_state': 42, 'n_jobs': 1}",0.049092728314787656,0.043367369558842316,499.60525596854063,0.015420945860426801,0.015420945860426801,51666.47172572611,43317.17559163532,21.533539976029353,43317.17559163532,43317.17559163532,51666.47172572611,43317.17559163532
xgboost,12,importance,"lag_4, lag_1, lag_9, lag_6, lag_2, lag_3",6,"{'n_estimators': 600, 'learning_rate': 0.05, 'max_depth': 3, 'subsample': 1.0, 'colsample_bytree': 1.0, 'objective': 'reg:squarederror', 'random_state': 42, 'n_jobs': 1}",0.06691155172433816,0.05043557073637881,866.4818005845107,0.024754157029269683,0.024754157029269683,58095.70163948147,42679.09291003795,20.608057427373268,39236.180963684055,39236.180963684055,58095.70163948147,39236.180963684055
xgboost,12,importance,"lag_4, lag_1, lag_9, lag_6, lag_2, lag_3",6,"{'n_estimators': 300, 'learning_rate': 0.03, 'max_depth': 3, 'subsample': 0.8, 'colsample_bytree': 1.0, 'objective': 'reg:squarederror', 'random_state': 42, 'n_jobs': 1}",0.056288231056568674,0.047095189196406276,292.36236834582286,0.01705712715671734,0.01705712715671734,58218.93958953375,48611.7520972255,24.181989960082458,48611.7520972255,48611.7520972255,58218.93958953375,48611.7520972255
xgboost,12,importance,"lag_4, lag_1, lag_9, lag_6, lag_2, lag_3",6,"{'n_estimators': 300, 'learning_rate': 0.05, 'max_depth': 2, 'subsample': 0.8, 'colsample_bytree': 0.8, 'objective': 'reg:squarederror', 'random_state': 42, 'n_jobs': 1}",0.057021186861988385,0.05106763275682428,386.6014950458208,0.02246681042915595,0.02246681042915595,61151.630080405164,50203.77229290674,24.816241398085293,50203.77229290674,50203.77229290674,61151.630080405164,50203.77229290674
xgboost,12,importance,"lag_4, lag_1, lag_9, lag_6, lag_2, lag_3",6,"{'n_estimators': 600, 'learning_rate': 0.05, 'max_depth': 3, 'subsample': 0.8, 'colsample_bytree': 0.8, 'objective': 'reg:squarederror', 'random_state': 42, 'n_jobs': 1}",0.048309624882321774,0.042679172258905496,583.6801507504495,0.014043911779721833,0.014043911779721833,63324.15790359082,52966.226345954805,26.304104563070712,52966.226345954805,52966.226345954805,63324.15790359082,52966.226345954805
xgboost,12,importance,"lag_4, lag_1, lag_9, lag_6, lag_2, lag_3",6,"{'n_estimators': 300, 'learning_rate': 0.05, 'max_depth': 3, 'subsample': 1.0, 'colsample_bytree': 1.0, 'objective': 'reg:squarederror', 'random_state': 42, 'n_jobs': 1}",0.058180180176327624,0.05141945957100867,343.49252690769845,0.028939427528952816,0.028939427528952816,65206.1597583855,45873.16527829699,22.01893717695517,45628.932348784365,45628.932348784365,65206.1597583855,45628.932348784365
xgboost,12,importance,"lag_4, lag_1, lag_9, lag_6, lag_2, lag_3",6,"{'n_estimators': 300, 'learning_rate': 0.05, 'max_depth': 2, 'subsample': 0.8, 'colsample_bytree': 1.0, 'objective': 'reg:squarederror', 'random_state': 42, 'n_jobs': 1}",0.06353145201122368,0.052552832168524875,374.73830642040497,0.022521852279553414,0.022521852279553414,65364.458959066535,55637.31686825626,27.83142913739583,55637.31686825626,55637.31686825626,65364.458959066535,55637.31686825626
xgboost,12,importance,"lag_4, lag_1, lag_9, lag_6, lag_2, lag_3",6,"{'n_estimators': 600, 'learning_rate': 0.03, 'max_depth': 2, 'subsample': 0.8, 'colsample_bytree': 1.0, 'objective': 'reg:squarederror', 'random_state': 42, 'n_jobs': 1}",0.060721655468577385,0.04974665971313463,333.17371966035057,0.024309920879062193,0.024309920879062193,65790.9170014556,54943.20516858098,27.27498978218761,54943.20516858098,54943.20516858098,65790.9170014556,54943.20516858098
xgboost,12,importance,"lag_4, lag_1, lag_9, lag_6, lag_2, lag_3",6,"{'n_estimators': 600, 'learning_rate': 0.03, 'max_depth': 3, 'subsample': 1.0, 'colsample_bytree': 0.8, 'objective': 'reg:squarederror', 'random_state': 42, 'n_jobs': 1}",0.05847629323354682,0.04762736144487294,336.805590852766,0.026957539591662222,0.026957539591662222,67537.32776642783,53230.77832219852,26.065989713908166,53230.77832219852,53230.77832219852,67537.32776642783,53230.77832219852
xgboost,12,importance,"lag_4, lag_1, lag_9, lag_6, lag_2, lag_3",6,"{'n_estimators': 300, 'learning_rate': 0.05, 'max_depth': 3, 'subsample': 0.8, 'colsample_bytree': 1.0, 'objective': 'reg:squarederror', 'random_state': 42, 'n_jobs': 1}",0.057925271792757305,0.05211248820989826,305.29145679069916,0.025949974553346758,0.025949974553346758,73153.09579940754,58334.7876317504,28.56619018051438,58334.7876317504,58334.7876317504,73153.09579940754,58334.7876317504
xgboost,12,importance,"lag_4, lag_1, lag_9, lag_6, lag_2, lag_3",6,"{'n_estimators': 600, 'learning_rate': 0.05, 'max_depth': 2, 'subsample': 1.0, 'colsample_bytree': 1.0, 'objective': 'reg:squarederror', 'random_state': 42, 'n_jobs': 1}",0.05765897725300192,0.04736768113845498,306.6160035433864,0.0239585678452733,0.0239585678452733,76074.51279687542,62601.270375915214,30.907625243244468,62601.270375915214,62601.270375915214,76074.51279687542,62601.270375915214
xgboost,12,importance,"lag_4, lag_1, lag_9, lag_6, lag_2, lag_3",6,"{'n_estimators': 600, 'learning_rate': 0.03, 'max_depth': 2, 'subsample': 0.8, 'colsample_bytree': 0.8, 'objective': 'reg:squarederror', 'random_state': 42, 'n_jobs': 1}",0.06672581735953996,0.05596138898345805,313.7762338943961,0.03158801685276679,0.03158801685276679,77722.64383266905,60319.886849301925,29.451221648233737,60319.886849301925,60319.886849301925,77722.64383266905,60319.886849301925
xgboost,12,importance,"lag_4, lag_1, lag_9, lag_6, lag_2, lag_3",6,"{'n_estimators': 300, 'learning_rate': 0.03, 'max_depth': 2, 'subsample': 0.8, 'colsample_bytree': 0.8, 'objective': 'reg:squarederror', 'random_state': 42, 'n_jobs': 1}",0.05468167690076209,0.04570372569226799,250.45299007443455,0.029477644739114656,0.029477644739114656,79144.9324776263,61979.6576843186,30.222008794361642,61979.6576843186,61979.6576843186,79144.9324776263,61979.6576843186
xgboost,12,importance,"lag_4, lag_1, lag_9, lag_6, lag_2, lag_3",6,"{'n_estimators': 600, 'learning_rate': 0.05, 'max_depth': 2, 'subsample': 0.8, 'colsample_bytree': 0.8, 'objective': 'reg:squarederror', 'random_state': 42, 'n_jobs': 1}",0.05673866897991354,0.04813698536159833,454.8588651110328,0.025550588116619272,0.025550588116619272,83604.97089417084,67997.27728544663,33.457994298321495,67997.27728544663,67997.27728544663,83604.97089417084,67997.27728544663
xgboost,12,importance,"lag_4, lag_1, lag_9, lag_6, lag_2, lag_3",6,"{'n_estimators': 300, 'learning_rate': 0.03, 'max_depth': 3, 'subsample': 1.0, 'colsample_bytree': 1.0, 'objective': 'reg:squarederror', 'random_state': 42, 'n_jobs': 1}",0.057586997266919016,0.04781633029844454,298.3297623987922,0.028270717976596135,0.028270717976596135,83712.89140239314,69013.67247864958,34.04692670961501,69013.67247864958,69013.67247864958,83712.89140239314,69013.67247864958
xgboost,12,importance,"lag_4, lag_1, lag_9, lag_6, lag_2, lag_3",6,"{'n_estimators': 600, 'learning_rate': 0.03, 'max_depth': 3, 'subsample': 1.0, 'colsample_bytree': 1.0, 'objective': 'reg:squarederror', 'random_state': 42, 'n_jobs': 1}",0.05922781466493131,0.051459144969799385,352.9887180976492,0.028905217348726298,0.028905217348726298,83961.47529548538,65146.71215522746,31.701163840018705,65146.71215522746,65146.71215522746,83961.47529548538,65146.71215522746
xgboost,12,importance,"lag_4, lag_1, lag_9, lag_6, lag_2, lag_3",6,"{'n_estimators': 300, 'learning_rate': 0.05, 'max_depth': 3, 'subsample': 0.8, 'colsample_bytree': 0.8, 'objective': 'reg:squarederror', 'random_state': 42, 'n_jobs': 1}",0.047174131967810756,0.03950033586511297,590.6246706908953,0.028511523180083348,0.028511523180083348,85145.71714451966,68120.95579773471,33.34244628105805,68120.95579773471,68120.95579773471,85145.71714451966,68120.95579773471
xgboost,12,importance,"lag_4, lag_1, lag_9, lag_6, lag_2, lag_3",6,"{'n_estimators': 300, 'learning_rate': 0.03, 'max_depth': 2, 'subsample': 0.8, 'colsample_bytree': 1.0, 'objective': 'reg:squarederror', 'random_state': 42, 'n_jobs': 1}",0.06063778359261918,0.050961607269639754,302.31225692641004,0.03180748136927906,0.03180748136927906,85755.00199910701,66415.03685513698,32.328957080994904,66415.03685513698,66415.03685513698,85755.00199910701,66415.03685513698
xgboost,6,importance,"lag_4, lag_1, lag_5, lag_6, lag_2, lag_3",6,"{'n_estimators': 600, 'learning_rate': 0.05, 'max_depth': 2, 'subsample': 0.8, 'colsample_bytree': 1.0, 'objective': 'reg:squarederror', 'random_state': 42, 'n_jobs': 1}",0.057490758517047165,0.04668782141966192,404.80022848362046,0.03178803443485276,0.03178803443485276,86116.60996827987,72507.13160425413,35.89065691548749,72507.13160425413,72507.13160425413,86116.60996827987,72507.13160425413
xgboost,12,importance,"lag_4, lag_1, lag_9, lag_6, lag_2, lag_3",6,"{'n_estimators': 300, 'learning_rate': 0.03, 'max_depth': 3, 'subsample': 1.0, 'colsample_bytree': 0.8, 'objective': 'reg:squarederror', 'random_state': 42, 'n_jobs': 1}",0.05958146260864892,0.047310991373066436,320.8309728654777,0.030247854396486095,0.030247854396486095,86207.3931367744,70912.06094255575,34.978725018229525,70912.06094255575,70912.06094255575,86207.3931367744,70912.06094255575
xgboost,12,importance,"lag_4, lag_1, lag_9, lag_6, lag_2, lag_3",6,"{'n_estimators': 300, 'learning_rate': 0.03, 'max_depth': 3, 'subsample': 0.8, 'colsample_bytree': 0.8, 'objective': 'reg:squarederror', 'random_state': 42, 'n_jobs': 1}",0.0474988626247157,0.04197261271351073,472.72464768668635,0.02837997386641891,0.02837997386641891,88588.55974337402,72373.78298345284,35.5796635365008,72373.78298345284,72373.78298345284,88588.55974337402,72373.78298345284
xgboost,12,importance,"lag_4, lag_1, lag_9, lag_6, lag_2, lag_3",6,"{'n_estimators': 300, 'learning_rate': 0.05, 'max_depth': 3, 'subsample': 1.0, 'colsample_bytree': 0.8, 'objective': 'reg:squarederror', 'random_state': 42, 'n_jobs': 1}",0.056483352192867105,0.044580982096635156,285.53739935754885,0.026531579178004014,0.026531579178004014,92793.16611401741,73997.95631660719,36.20540176784523,73997.95631660719,73997.95631660719,92793.16611401741,73997.95631660719
xgboost,12,importance,"lag_4, lag_1, lag_9, lag_6, lag_2, lag_3",6,"{'n_estimators': 300, 'learning_rate': 0.03, 'max_depth': 2, 'subsample': 1.0, 'colsample_bytree': 0.8, 'objective': 'reg:squarederror', 'random_state': 42, 'n_jobs': 1}",0.04659895694058422,0.039120534941524364,480.4968957863075,0.03157969839594565,0.03157969839594565,93299.07667128282,75003.70136854732,36.74613175344601,75003.70136854732,75003.70136854732,93299.07667128282,75003.70136854732
xgboost,12,importance,"lag_4, lag_1, lag_9, lag_6, lag_2, lag_3",6,"{'n_estimators': 300, 'learning_rate': 0.03, 'max_depth': 2, 'subsample': 1.0, 'colsample_bytree': 1.0, 'objective': 'reg:squarederror', 'random_state': 42, 'n_jobs': 1}",0.04738156247994004,0.03969568614960809,494.7065306225833,0.03190001753127587,0.03190001753127587,94046.82300572404,75226.22572012249,36.817739133374324,75226.22572012249,75226.22572012249,94046.82300572404,75226.22572012249
xgboost,12,importance,"lag_4, lag_1, lag_9, lag_6, lag_2, lag_3",6,"{'n_estimators': 600, 'learning_rate': 0.05, 'max_depth': 2, 'subsample': 0.8, 'colsample_bytree': 1.0, 'objective': 'reg:squarederror', 'random_state': 42, 'n_jobs': 1}",0.07477157745844219,0.06319879140985615,380.7631694927924,0.03481723152320972,0.03481723152320972,103872.88549388024,82212.67270204311,40.215949048034645,82212.67270204311,82212.67270204311,103872.88549388024,82212.67270204311
xgboost,12,importance,"lag_4, lag_1, lag_9, lag_6, lag_2, lag_3",6,"{'n_estimators': 300, 'learning_rate': 0.05, 'max_depth': 2, 'subsample': 1.0, 'colsample_bytree': 1.0, 'objective': 'reg:squarederror', 'random_state': 42, 'n_jobs': 1}",0.05863124656149808,0.050806941042795,511.58470652974995,0.035131662149453756,0.035131662149453756,104089.9134661467,81651.86575331102,39.816984266363065,81651.86575331102,81651.86575331102,104089.9134661467,81651.86575331102
xgboost,12,importance,"lag_4, lag_1, lag_9, lag_6, lag_2, lag_3",6,"{'n_estimators': 600, 'learning_rate': 0.03, 'max_depth': 2, 'subsample': 1.0, 'colsample_bytree': 0.8, 'objective': 'reg:squarederror', 'random_state': 42, 'n_jobs': 1}",0.05653972991168131,0.05020647994222375,536.4218360364617,0.03735525654548576,0.03735525654548576,111003.95922866379,86676.52363370625,42.204551344010476,86676.52363370625,86676.52363370625,111003.95922866379,86676.52363370625
xgboost,12,importance,"lag_4, lag_1, lag_9, lag_6, lag_2, lag_3",6,"{'n_estimators': 600, 'learning_rate': 0.03, 'max_depth': 2, 'subsample': 1.0, 'colsample_bytree': 1.0, 'objective': 'reg:squarederror', 'random_state': 42, 'n_jobs': 1}",0.061393515317347,0.05037256506816375,296.3639555566907,0.03617656456079229,0.03617656456079229,112958.27538945497,88634.83286995404,43.18529195536504,88634.83286995404,88634.83286995404,112958.27538945497,88634.83286995404
xgboost,12,importance,"lag_4, lag_1, lag_9, lag_6, lag_2, lag_3",6,"{'n_estimators': 300, 'learning_rate': 0.05, 'max_depth': 2, 'subsample': 1.0, 'colsample_bytree': 0.8, 'objective': 'reg:squarederror', 'random_state': 42, 'n_jobs': 1}",0.05931222746006712,0.05007167281930345,565.9428817115921,0.03842544680944686,0.03842544680944686,116287.42302834867,91248.09203603455,44.487438346617836,91248.09203603455,91248.09203603455,116287.42302834867,91248.09203603455
xgboost,6,importance,"lag_4, lag_1, lag_5, lag_6, lag_2, lag_3",6,"{'n_estimators': 300, 'learning_rate': 0.03, 'max_depth': 2, 'subsample': 0.8, 'colsample_bytree': 0.8, 'objective': 'reg:squarederror', 'random_state': 42, 'n_jobs': 1}",0.0502829135210456,0.04317615341745822,532.6665164468658,0.037469955072180344,0.037469955072180344,118278.3680589899,95724.12265436747,46.930722351774385,95724.12265436747,95724.12265436747,118278.3680589899,95724.12265436747
xgboost,12,importance,"lag_4, lag_1, lag_9, lag_6, lag_2, lag_3",6,"{'n_estimators': 600, 'learning_rate': 0.05, 'max_depth': 2, 'subsample': 1.0, 'colsample_bytree': 0.8, 'objective': 'reg:squarederror', 'random_state': 42, 'n_jobs': 1}",0.06350204338659504,0.0522481700709748,608.5359405209707,0.03885646634348514,0.03885646634348514,119957.47075503146,95173.02963254646,46.51821489548586,95173.02963254646,95173.02963254646,119957.47075503146,95173.02963254646
xgboost,6,importance,"lag_4, lag_1, lag_5, lag_6, lag_2, lag_3",6,"{'n_estimators': 300, 'learning_rate': 0.05, 'max_depth': 3, 'subsample': 0.8, 'colsample_bytree': 1.0, 'objective': 'reg:squarederror', 'random_state': 42, 'n_jobs': 1}",0.05944117214829123,0.04979525966873831,453.32082162422483,0.04048936854183373,0.04048936854183373,122119.47129718249,96506.71992374443,47.09154858853765,96506.71992374443,96506.71992374443,122119.47129718249,96506.71992374443
xgboost,6,importance,"lag_4, lag_1, lag_5, lag_6, lag_2, lag_3",6,"{'n_estimators': 300, 'learning_rate': 0.03, 'max_depth': 2, 'subsample': 0.8, 'colsample_bytree': 1.0, 'objective': 'reg:squarederror', 'random_state': 42, 'n_jobs': 1}",0.05279022119242761,0.04510832099221421,535.9468365063444,0.038658095532715445,0.038658095532715445,122458.84334187697,98541.03365070796,48.255678571408176,98541.03365070796,98541.03365070796,122458.84334187697,98541.03365070796
xgboost,6,importance,"lag_4, lag_1, lag_5, lag_6, lag_2, lag_3",6,"{'n_estimators': 300, 'learning_rate': 0.03, 'max_depth': 3, 'subsample': 0.8, 'colsample_bytree': 0.8, 'objective': 'reg:squarederror', 'random_state': 42, 'n_jobs': 1}",0.05667254794114758,0.04872944372207334,561.1022145916767,0.038895739790621685,0.038895739790621685,126675.1075182474,102422.79132080145,50.18769420810082,102422.79132080145,102422.79132080145,126675.1075182474,102422.79132080145
xgboost,6,importance,"lag_4, lag_1, lag_5, lag_6, lag_2, lag_3",6,"{'n_estimators': 300, 'learning_rate': 0.03, 'max_depth': 3, 'subsample': 1.0, 'colsample_bytree': 1.0, 'objective': 'reg:squarederror', 'random_state': 42, 'n_jobs': 1}",0.05554516598568899,0.04748245774269512,455.58887286809596,0.0398120027321547,0.0398120027321547,127115.51108808024,100375.99714507858,48.926964641758616,100375.99714507858,100375.99714507858,127115.51108808024,100375.99714507858
xgboost,8,importance,"lag_4, lag_1, lag_2, lag_8, lag_5, lag_3",6,"{'n_estimators': 300, 'learning_rate': 0.03, 'max_depth': 2, 'subsample': 0.8, 'colsample_bytree': 1.0, 'objective': 'reg:squarederror', 'random_state': 42, 'n_jobs': 1}",0.051562484327595436,0.04592738635473316,521.7739429520942,0.04044298083490146,0.04044298083490146,128806.39241761182,102714.59142337048,50.18460863976233,102714.59142337048,102714.59142337048,128806.39241761182,102714.59142337048
xgboost,6,importance,"lag_4, lag_1, lag_5, lag_6, lag_2, lag_3",6,"{'n_estimators': 300, 'learning_rate': 0.05, 'max_depth': 3, 'subsample': 0.8, 'colsample_bytree': 0.8, 'objective': 'reg:squarederror', 'random_state': 42, 'n_jobs': 1}",0.05758106625036253,0.05073320627448998,463.2505463867406,0.04111782106931755,0.04111782106931755,129608.20567701042,102573.66379252031,50.03853365351619,102573.66379252031,102573.66379252031,129608.20567701042,102573.66379252031
xgboost,6,importance,"lag_4, lag_1, lag_5, lag_6, lag_2, lag_3",6,"{'n_estimators': 300, 'learning_rate': 0.03, 'max_depth': 3, 'subsample': 0.8, 'colsample_bytree': 1.0, 'objective': 'reg:squarederror', 'random_state': 42, 'n_jobs': 1}",0.05549222569388416,0.04971522633649967,505.6495122227875,0.040897826918235076,0.040897826918235076,130152.22719555427,103128.97122949878,50.31569787039749,103128.97122949878,103128.97122949878,130152.22719555427,103128.97122949878
xgboost,6,importance,"lag_4, lag_1, lag_5, lag_6, lag_2, lag_3",6,"{'n_estimators': 300, 'learning_rate': 0.05, 'max_depth': 2, 'subsample': 0.8, 'colsample_bytree': 0.8, 'objective': 'reg:squarederror', 'random_state': 42, 'n_jobs': 1}",0.057229199245403255,0.05021939602671893,505.9960317971391,0.04089976823563337,0.04089976823563337,130765.18061325423,103873.39418981336,50.698435808366405,103873.39418981336,103873.39418981336,130765.18061325423,103873.39418981336
xgboost,6,importance,"lag_4, lag_1, lag_5, lag_6, lag_2, lag_3",6,"{'n_estimators': 300, 'learning_rate': 0.03, 'max_depth': 3, 'subsample': 1.0, 'colsample_bytree': 0.8, 'objective': 'reg:squarederror', 'random_state': 42, 'n_jobs': 1}",0.05381053627835341,0.048721770478284764,479.5111801874385,0.04144176532875249,0.04144176532875249,131008.83603694288,104157.15530352877,50.834028694432774,104157.15530352877,104157.15530352877,131008.83603694288,104157.15530352877
xgboost,8,importance,"lag_4, lag_1, lag_2, lag_8, lag_5, lag_3",6,"{'n_estimators': 300, 'learning_rate': 0.03, 'max_depth': 3, 'subsample': 1.0, 'colsample_bytree': 0.8, 'objective': 'reg:squarederror', 'random_state': 42, 'n_jobs': 1}",0.0546298764000939,0.046426034695497956,534.201575204836,0.04122797930042693,0.04122797930042693,132149.77112670412,104772.29366991593,51.1346267226161,104772.29366991593,104772.29366991593,132149.77112670412,104772.29366991593
xgboost,8,importance,"lag_4, lag_1, lag_2, lag_8, lag_5, lag_3",6,"{'n_estimators': 300, 'learning_rate': 0.03, 'max_depth': 2, 'subsample': 0.8, 'colsample_bytree': 0.8, 'objective': 'reg:squarederror', 'random_state': 42, 'n_jobs': 1}",0.053212802594392684,0.04801606721811359,531.9047306614052,0.0423837366947031,0.0423837366947031,133434.48485146512,106277.85055253255,51.91532452543988,106277.85055253255,106277.85055253255,133434.48485146512,106277.85055253255
xgboost,8,importance,"lag_4, lag_1, lag_2, lag_8, lag_5, lag_3",6,"{'n_estimators': 300, 'learning_rate': 0.03, 'max_depth': 3, 'subsample': 0.8, 'colsample_bytree': 1.0, 'objective': 'reg:squarederror', 'random_state': 42, 'n_jobs': 1}",0.05365497204185334,0.0473807830345485,506.25987211230637,0.0408498013580129,0.0408498013580129,134778.16108556703,109570.86024380382,53.7399669277438,109570.86024380382,109570.86024380382,134778.16108556703,109570.86024380382
xgboost,8,importance,"lag_4, lag_1, lag_2, lag_8, lag_5, lag_3",6,"{'n_estimators': 300, 'learning_rate': 0.03, 'max_depth': 3, 'subsample': 0.8, 'colsample_bytree': 0.8, 'objective': 'reg:squarederror', 'random_state': 42, 'n_jobs': 1}",0.05898210764600056,0.04847788281293547,429.5307778023198,0.04106360008173566,0.04106360008173566,135706.1030588,110510.424896262,54.23394014387056,110510.424896262,110510.424896262,135706.1030588,110510.424896262
xgboost,6,importance,"lag_4, lag_1, lag_5, lag_6, lag_2, lag_3",6,"{'n_estimators': 600, 'learning_rate': 0.03, 'max_depth': 2, 'subsample': 0.8, 'colsample_bytree': 0.8, 'objective': 'reg:squarederror', 'random_state': 42, 'n_jobs': 1}",0.05976378826571719,0.05101608903217827,481.9638256863581,0.042475320015672134,0.042475320015672134,137385.07815571484,110052.29407318916,53.81127460024789,110052.29407318916,110052.29407318916,137385.07815571484,110052.29407318916
xgboost,6,importance,"lag_4, lag_1, lag_5, lag_6, lag_2, lag_3",6,"{'n_estimators': 600, 'learning_rate': 0.05, 'max_depth': 2, 'subsample': 0.8, 'colsample_bytree': 0.8, 'objective': 'reg:squarederror', 'random_state': 42, 'n_jobs': 1}",0.06531153477996256,0.05576483988194497,418.795039559477,0.04335408452817967,0.04335408452817967,137690.099453102,111100.04301238731,54.40716352462861,111100.04301238731,111100.04301238731,137690.099453102,111100.04301238731
xgboost,6,importance,"lag_4, lag_1, lag_5, lag_6, lag_2, lag_3",6,"{'n_estimators': 600, 'learning_rate': 0.03, 'max_depth': 2, 'subsample': 1.0, 'colsample_bytree': 0.8, 'objective': 'reg:squarederror', 'random_state': 42, 'n_jobs': 1}",0.05420307088943044,0.049078891069755444,518.9643296946793,0.04427841277222583,0.04427841277222583,141032.04432419818,108998.31400659254,52.90976568788205,108998.31400659254,108998.31400659254,141032.04432419818,108998.31400659254
xgboost,6,importance,"lag_4, lag_1, lag_5, lag_6, lag_2, lag_3",6,"{'n_estimators': 600, 'learning_rate': 0.03, 'max_depth': 3, 'subsample': 0.8, 'colsample_bytree': 0.8, 'objective': 'reg:squarederror', 'random_state': 42, 'n_jobs': 1}",0.06310586158679955,0.05515212359339407,605.0030717578655,0.04350470365189891,0.04350470365189891,141460.37290690505,111954.81673238907,54.60769644864668,111954.81673238907,111954.81673238907,141460.37290690505,111954.81673238907
xgboost,8,importance,"lag_4, lag_1, lag_2, lag_8, lag_5, lag_3",6,"{'n_estimators': 300, 'learning_rate': 0.03, 'max_depth': 2, 'subsample': 1.0, 'colsample_bytree': 1.0, 'objective': 'reg:squarederror', 'random_state': 42, 'n_jobs': 1}",0.052945429759030986,0.0485294302594894,546.6813431447961,0.0443197014390451,0.0443197014390451,141981.76734922826,111633.62012984238,54.39050554617778,111633.62012984238,111633.62012984238,141981.76734922826,111633.62012984238
xgboost,6,importance,"lag_4, lag_1, lag_5, lag_6, lag_2, lag_3",6,"{'n_estimators': 300, 'learning_rate': 0.03, 'max_depth': 2, 'subsample': 1.0, 'colsample_bytree': 0.8, 'objective': 'reg:squarederror', 'random_state': 42, 'n_jobs': 1}",0.052814685021585095,0.048016112901936726,564.7513018877079,0.04383041102751004,0.04383041102751004,142496.99226041586,113145.75674209213,55.239951201215185,113145.75674209213,113145.75674209213,142496.99226041586,113145.75674209213
xgboost,6,importance,"lag_4, lag_1, lag_5, lag_6, lag_2, lag_3",6,"{'n_estimators': 600, 'learning_rate': 0.03, 'max_depth': 2, 'subsample': 1.0, 'colsample_bytree': 1.0, 'objective': 'reg:squarederror', 'random_state': 42, 'n_jobs': 1}",0.05491655942728084,0.04803480033054918,693.4420277957247,0.042799930832477115,0.042799930832477115,143687.66102115015,114057.2469190488,55.62232220311213,114057.2469190488,114057.2469190488,143687.66102115015,114057.2469190488
xgboost,8,importance,"lag_4, lag_1, lag_2, lag_8, lag_5, lag_3",6,"{'n_estimators': 300, 'learning_rate': 0.05, 'max_depth': 3, 'subsample': 1.0, 'colsample_bytree': 1.0, 'objective': 'reg:squarederror', 'random_state': 42, 'n_jobs': 1}",0.057249143544012525,0.04684031007533123,431.7032599775388,0.041572021035360784,0.041572021035360784,143986.166355062,118855.26842958835,58.498205084144175,118855.26842958835,118855.26842958835,143986.166355062,118855.26842958835
xgboost,6,importance,"lag_4, lag_1, lag_5, lag_6, lag_2, lag_3",6,"{'n_estimators': 300, 'learning_rate': 0.03, 'max_depth': 2, 'subsample': 1.0, 'colsample_bytree': 1.0, 'objective': 'reg:squarederror', 'random_state': 42, 'n_jobs': 1}",0.0533328776725602,0.048376911188700966,562.6304855269871,0.044180219315758,0.044180219315758,144424.6208276309,114472.44877002812,55.86191532585026,114472.44877002812,114472.44877002812,144424.6208276309,114472.44877002812
xgboost,8,importance,"lag_4, lag_1, lag_2, lag_8, lag_5, lag_3",6,"{'n_estimators': 600, 'learning_rate': 0.05, 'max_depth': 3, 'subsample': 0.8, 'colsample_bytree': 0.8, 'objective': 'reg:squarederror', 'random_state': 42, 'n_jobs': 1}",0.07802217867108022,0.06235726081384039,348.6840487222164,0.045410781078414036,0.045410781078414036,144872.41892829616,116662.51555091231,57.171609843989515,116662.51555091231,116662.51555091231,144872.41892829616,116662.51555091231
xgboost,6,importance,"lag_4, lag_1, lag_5, lag_6, lag_2, lag_3",6,"{'n_estimators': 600, 'learning_rate': 0.05, 'max_depth': 2, 'subsample': 1.0, 'colsample_bytree': 1.0, 'objective': 'reg:squarederror', 'random_state': 42, 'n_jobs': 1}",0.0623911458811749,0.05369806453072877,443.4800506030691,0.045462262629659675,0.045462262629659675,146281.0099540519,114407.86441873376,55.64059426967977,114407.86441873376,114407.86441873376,146281.0099540519,114407.86441873376
xgboost,8,importance,"lag_4, lag_1, lag_2, lag_8, lag_5, lag_3",6,"{'n_estimators': 300, 'learning_rate': 0.05, 'max_depth': 2, 'subsample': 0.8, 'colsample_bytree': 0.8, 'objective': 'reg:squarederror', 'random_state': 42, 'n_jobs': 1}",0.06494742277184316,0.05389489870661438,474.3672782354275,0.04494616752900274,0.04494616752900274,146816.056769162,116820.63351874835,57.06456881467138,116820.63351874835,116820.63351874835,146816.056769162,116820.63351874835
xgboost,8,importance,"lag_4, lag_1, lag_2, lag_8, lag_5, lag_3",6,"{'n_estimators': 300, 'learning_rate': 0.03, 'max_depth': 2, 'subsample': 1.0, 'colsample_bytree': 0.8, 'objective': 'reg:squarederror', 'random_state': 42, 'n_jobs': 1}",0.05393328624916478,0.0492611951109215,582.6375919564316,0.045143096667744735,0.045143096667744735,147592.622605163,116520.67780389448,56.82067764081587,116520.67780389448,116520.67780389448,147592.622605163,116520.67780389448
xgboost,6,importance,"lag_4, lag_1, lag_5, lag_6, lag_2, lag_3",6,"{'n_estimators': 300, 'learning_rate': 0.05, 'max_depth': 2, 'subsample': 1.0, 'colsample_bytree': 1.0, 'objective': 'reg:squarederror', 'random_state': 42, 'n_jobs': 1}",0.05480075027078684,0.05069020274465776,519.8799601029486,0.045629071766982075,0.045629071766982075,148241.9169965389,116169.62427165937,56.515226693079825,116169.62427165937,116169.62427165937,148241.9169965389,116169.62427165937
xgboost,6,importance,"lag_4, lag_1, lag_5, lag_6, lag_2, lag_3",6,"{'n_estimators': 300, 'learning_rate': 0.05, 'max_depth': 3, 'subsample': 1.0, 'colsample_bytree': 0.8, 'objective': 'reg:squarederror', 'random_state': 42, 'n_jobs': 1}",0.06653994816364997,0.05596673612803387,619.0614778923214,0.0471906020445072,0.0471906020445072,148543.25703935744,115677.88936002477,56.30274056381515,115677.88936002477,115677.88936002477,148543.25703935744,115677.88936002477
xgboost,8,importance,"lag_4, lag_1, lag_2, lag_8, lag_5, lag_3",6,"{'n_estimators': 300, 'learning_rate': 0.03, 'max_depth': 3, 'subsample': 1.0, 'colsample_bytree': 1.0, 'objective': 'reg:squarederror', 'random_state': 42, 'n_jobs': 1}",0.0573047405617055,0.050516826901845245,590.0254137656873,0.04459728654393723,0.04459728654393723,148762.66415364784,119265.8756246022,58.33497377910991,119265.8756246022,119265.8756246022,148762.66415364784,119265.8756246022
xgboost,6,importance,"lag_4, lag_1, lag_5, lag_6, lag_2, lag_3",6,"{'n_estimators': 300, 'learning_rate': 0.05, 'max_depth': 3, 'subsample': 1.0, 'colsample_bytree': 1.0, 'objective': 'reg:squarederror', 'random_state': 42, 'n_jobs': 1}",0.07203977147369482,0.058280839981118,550.3334796580032,0.04672802445556597,0.04672802445556597,148820.3955016293,118110.4413038168,57.713450827038,118110.4413038168,118110.4413038168,148820.3955016293,118110.4413038168
xgboost,6,importance,"lag_4, lag_1, lag_5, lag_6, lag_2, lag_3",6,"{'n_estimators': 600, 'learning_rate': 0.03, 'max_depth': 2, 'subsample': 0.8, 'colsample_bytree': 1.0, 'objective': 'reg:squarederror', 'random_state': 42, 'n_jobs': 1}",0.06090394470035924,0.05329669653723522,519.857372986174,0.045143641148332046,0.045143641148332046,149219.27177186531,118335.91752463397,57.73006569406004,118335.91752463397,118335.91752463397,149219.27177186531,118335.91752463397
xgboost,8,importance,"lag_4, lag_1, lag_2, lag_8, lag_5, lag_3",6,"{'n_estimators': 300, 'learning_rate': 0.05, 'max_depth': 3, 'subsample': 1.0, 'colsample_bytree': 0.8, 'objective': 'reg:squarederror', 'random_state': 42, 'n_jobs': 1}",0.0642438521889738,0.05231408480697811,449.1061979150606,0.04469805368583152,0.04469805368583152,149630.54114194898,120510.17772207568,59.00306149961562,120510.17772207568,120510.17772207568,149630.54114194898,120510.17772207568
xgboost,8,importance,"lag_4, lag_1, lag_2, lag_8, lag_5, lag_3",6,"{'n_estimators': 600, 'learning_rate': 0.03, 'max_depth': 2, 'subsample': 0.8, 'colsample_bytree': 0.8, 'objective': 'reg:squarederror', 'random_state': 42, 'n_jobs': 1}",0.054994445205872364,0.04999082321426557,516.8370422811225,0.0436777923542231,0.0436777923542231,150620.93367612635,121778.76645392447,59.62556867417202,121778.76645392447,121778.76645392447,150620.93367612635,121778.76645392447
xgboost,6,importance,"lag_4, lag_1, lag_5, lag_6, lag_2, lag_3",6,"{'n_estimators': 600, 'learning_rate': 0.03, 'max_depth': 3, 'subsample': 0.8, 'colsample_bytree': 1.0, 'objective': 'reg:squarederror', 'random_state': 42, 'n_jobs': 1}",0.06820106309119102,0.05626918261744965,616.7544695410577,0.04574740370777772,0.04574740370777772,151128.43149679597,122319.89994871173,59.984145759119336,122319.89994871173,122319.89994871173,151128.43149679597,122319.89994871173
xgboost,6,importance,"lag_4, lag_1, lag_5, lag_6, lag_2, lag_3",6,"{'n_estimators': 300, 'learning_rate': 0.05, 'max_depth': 2, 'subsample': 0.8, 'colsample_bytree': 1.0, 'objective': 'reg:squarederror', 'random_state': 42, 'n_jobs': 1}",0.06256524678788222,0.053888714426650185,524.2348624328166,0.04475182075169224,0.04475182075169224,152329.1368622013,122069.36897293542,59.67481026628637,122069.36897293542,122069.36897293542,152329.1368622013,122069.36897293542
xgboost,6,importance,"lag_4, lag_1, lag_5, lag_6, lag_2, lag_3",6,"{'n_estimators': 600, 'learning_rate': 0.05, 'max_depth': 3, 'subsample': 1.0, 'colsample_bytree': 0.8, 'objective': 'reg:squarederror', 'random_state': 42, 'n_jobs': 1}",0.063747148948602,0.055978886750546034,610.807498931109,0.04625012280437206,0.04625012280437206,152765.815687384,119645.00159206692,58.2591066182953,119645.00159206692,119645.00159206692,152765.815687384,119645.00159206692
xgboost,8,importance,"lag_4, lag_1, lag_2, lag_8, lag_5, lag_3",6,"{'n_estimators': 300, 'learning_rate': 0.05, 'max_depth': 2, 'subsample': 1.0, 'colsample_bytree': 1.0, 'objective': 'reg:squarederror', 'random_state': 42, 'n_jobs': 1}",0.05891859026825553,0.051493437645232544,593.4788600508124,0.04580510173304784,0.04580510173304784,153259.77987067428,121331.56262135261,59.20854426436648,121331.56262135261,121331.56262135261,153259.77987067428,121331.56262135261
xgboost,6,importance,"lag_4, lag_1, lag_5, lag_6, lag_2, lag_3",6,"{'n_estimators': 600, 'learning_rate': 0.05, 'max_depth': 3, 'subsample': 0.8, 'colsample_bytree': 1.0, 'objective': 'reg:squarederror', 'random_state': 42, 'n_jobs': 1}",0.06741840288913177,0.057517018749299896,620.2147873826406,0.047921931110499846,0.047921931110499846,153638.6374999825,119520.98417939761,58.130306669773866,119520.98417939761,119520.98417939761,153638.6374999825,119520.98417939761
xgboost,8,importance,"lag_4, lag_1, lag_2, lag_8, lag_5, lag_3",6,"{'n_estimators': 600, 'learning_rate': 0.03, 'max_depth': 2, 'subsample': 1.0, 'colsample_bytree': 1.0, 'objective': 'reg:squarederror', 'random_state': 42, 'n_jobs': 1}",0.05917123178396281,0.05250452456717541,593.8730173569269,0.04647741702942171,0.04647741702942171,155650.79122022612,122848.3371891671,59.90693141413001,122848.3371891671,122848.3371891671,155650.79122022612,122848.3371891671
xgboost,6,importance,"lag_4, lag_1, lag_5, lag_6, lag_2, lag_3",6,"{'n_estimators': 600, 'learning_rate': 0.03, 'max_depth': 3, 'subsample': 1.0, 'colsample_bytree': 1.0, 'objective': 'reg:squarederror', 'random_state': 42, 'n_jobs': 1}",0.06428567425844527,0.057251479248050074,432.878066562747,0.045393046343778436,0.045393046343778436,157058.47749860512,127809.8066750135,62.655208093925296,127809.8066750135,127809.8066750135,157058.47749860512,127809.8066750135
xgboost,6,importance,"lag_4, lag_1, lag_5, lag_6, lag_2, lag_3",6,"{'n_estimators': 600, 'learning_rate': 0.05, 'max_depth': 3, 'subsample': 1.0, 'colsample_bytree': 1.0, 'objective': 'reg:squarederror', 'random_state': 42, 'n_jobs': 1}",0.06718183888845038,0.05874424592730262,496.2197453737746,0.045680658471898936,0.045680658471898936,157365.15761983756,123899.32204590477,60.33931431554988,123899.32204590477,123899.32204590477,157365.15761983756,123899.32204590477
xgboost,6,importance,"lag_4, lag_1, lag_5, lag_6, lag_2, lag_3",6,"{'n_estimators': 300, 'learning_rate': 0.05, 'max_depth': 2, 'subsample': 1.0, 'colsample_bytree': 0.8, 'objective': 'reg:squarederror', 'random_state': 42, 'n_jobs': 1}",0.056534825329950994,0.05179421918984277,609.7362663667681,0.047106526997117745,0.047106526997117745,157453.61326846894,124420.99011183239,60.678864236777194,124420.99011183239,124420.99011183239,157453.61326846894,124420.99011183239
xgboost,6,importance,"lag_4, lag_1, lag_5, lag_6, lag_2, lag_3",6,"{'n_estimators': 600, 'learning_rate': 0.03, 'max_depth': 3, 'subsample': 1.0, 'colsample_bytree': 0.8, 'objective': 'reg:squarederror', 'random_state': 42, 'n_jobs': 1}",0.05863708135380652,0.05287290432683755,462.49896690023024,0.047327962663986305,0.047327962663986305,157721.4976715305,122831.33160005847,59.69529012785439,122831.33160005847,122831.33160005847,157721.4976715305,122831.33160005847
xgboost,8,importance,"lag_4, lag_1, lag_2, lag_8, lag_5, lag_3",6,"{'n_estimators': 300, 'learning_rate': 0.05, 'max_depth': 2, 'subsample': 0.8, 'colsample_bytree': 1.0, 'objective': 'reg:squarederror', 'random_state': 42, 'n_jobs': 1}",0.06900268336631717,0.05595962906958354,471.22632979769656,0.048602150173937146,0.048602150173937146,158450.48362684532,124018.75595456484,60.37747963063389,124018.75595456484,124018.75595456484,158450.48362684532,124018.75595456484
xgboost,8,importance,"lag_4, lag_1, lag_2, lag_8, lag_5, lag_3",6,"{'n_estimators': 600, 'learning_rate': 0.03, 'max_depth': 2, 'subsample': 1.0, 'colsample_bytree': 0.8, 'objective': 'reg:squarederror', 'random_state': 42, 'n_jobs': 1}",0.05842043486010909,0.05348223802317884,636.8811868443253,0.048843799658100984,0.048843799658100984,160963.70476193857,124475.18299449823,60.4460538983059,124475.18299449823,124475.18299449823,160963.70476193857,124475.18299449823
xgboost,8,importance,"lag_4, lag_1, lag_2, lag_8, lag_5, lag_3",6,"{'n_estimators': 300, 'learning_rate': 0.05, 'max_depth': 2, 'subsample': 1.0, 'colsample_bytree': 0.8, 'objective': 'reg:squarederror', 'random_state': 42, 'n_jobs': 1}",0.05816654762516682,0.05325798535060696,636.0419787376521,0.0488318861797265,0.0488318861797265,162320.67682893027,126096.87096927877,61.28280766936566,126096.87096927877,126096.87096927877,162320.67682893027,126096.87096927877
xgboost,8,importance,"lag_4, lag_1, lag_2, lag_8, lag_5, lag_3",6,"{'n_estimators': 600, 'learning_rate': 0.05, 'max_depth': 3, 'subsample': 0.8, 'colsample_bytree': 1.0, 'objective': 'reg:squarederror', 'random_state': 42, 'n_jobs': 1}",0.07636183153343683,0.06094849806406229,385.84075428685185,0.04927803488662067,0.04927803488662067,163713.12942817938,128828.29660401243,62.77718735459457,128828.29660401243,128828.29660401243,163713.12942817938,128828.29660401243
xgboost,8,importance,"lag_4, lag_1, lag_2, lag_8, lag_5, lag_3",6,"{'n_estimators': 600, 'learning_rate': 0.05, 'max_depth': 2, 'subsample': 1.0, 'colsample_bytree': 0.8, 'objective': 'reg:squarederror', 'random_state': 42, 'n_jobs': 1}",0.06383079786889301,0.05473294329629388,512.3304195770924,0.04571441066812226,0.04571441066812226,164653.31073637647,131447.87947269191,64.18846147886738,131447.87947269191,131447.87947269191,164653.31073637647,131447.87947269191
xgboost,8,importance,"lag_4, lag_1, lag_2, lag_8, lag_5, lag_3",6,"{'n_estimators': 600, 'learning_rate': 0.03, 'max_depth': 3, 'subsample': 0.8, 'colsample_bytree': 0.8, 'objective': 'reg:squarederror', 'random_state': 42, 'n_jobs': 1}",0.07940657845550697,0.06424339076508853,401.82923490746134,0.048791364536700015,0.048791364536700015,165264.99912944552,132555.23151918044,64.86461291737285,132555.23151918044,132555.23151918044,165264.99912944552,132555.23151918044
xgboost,6,importance,"lag_4, lag_1, lag_5, lag_6, lag_2, lag_3",6,"{'n_estimators': 600, 'learning_rate': 0.05, 'max_depth': 3, 'subsample': 0.8, 'colsample_bytree': 0.8, 'objective': 'reg:squarederror', 'random_state': 42, 'n_jobs': 1}",0.06584020881489257,0.059329174724334896,648.3573290600932,0.0482374358679851,0.0482374358679851,165971.51635880614,131463.06254501943,64.12607593337134,131463.06254501943,131463.06254501943,165971.51635880614,131463.06254501943
xgboost,8,importance,"lag_4, lag_1, lag_2, lag_8, lag_5, lag_3",6,"{'n_estimators': 600, 'learning_rate': 0.05, 'max_depth': 2, 'subsample': 0.8, 'colsample_bytree': 1.0, 'objective': 'reg:squarederror', 'random_state': 42, 'n_jobs': 1}",0.0778720805092081,0.06309410925493661,385.5916184969261,0.04651922140386242,0.04651922140386242,166761.04037450292,134398.8713527033,65.79705127417542,134398.8713527033,134398.8713527033,166761.04037450292,134398.8713527033
xgboost,8,importance,"lag_4, lag_1, lag_2, lag_8, lag_5, lag_3",6,"{'n_estimators': 600, 'learning_rate': 0.05, 'max_depth': 3, 'subsample': 1.0, 'colsample_bytree': 0.8, 'objective': 'reg:squarederror', 'random_state': 42, 'n_jobs': 1}",0.07466508526084352,0.06138898550664953,392.08694625799404,0.04981950813530006,0.04981950813530006,166858.43125371778,132352.5382727018,64.6113071931729,132352.5382727018,132352.5382727018,166858.43125371778,132352.5382727018
xgboost,6,importance,"lag_4, lag_1, lag_5, lag_6, lag_2, lag_3",6,"{'n_estimators': 600, 'learning_rate': 0.05, 'max_depth': 2, 'subsample': 1.0, 'colsample_bytree': 0.8, 'objective': 'reg:squarederror', 'random_state': 42, 'n_jobs': 1}",0.06657414960756942,0.056166782166092756,724.4082230756519,0.04903146831336473,0.04903146831336473,167347.09653209677,131327.51493177493,64.00134495131078,131327.51493177493,131327.51493177493,167347.09653209677,131327.51493177493
xgboost,8,importance,"lag_4, lag_1, lag_2, lag_8, lag_5, lag_3",6,"{'n_estimators': 300, 'learning_rate': 0.05, 'max_depth': 3, 'subsample': 0.8, 'colsample_bytree': 1.0, 'objective': 'reg:squarederror', 'random_state': 42, 'n_jobs': 1}",0.06882635604894755,0.05851459804986644,550.2231217029208,0.04954642842590508,0.04954642842590508,168974.4487684249,133699.37152073396,65.21000586668141,133699.37152073396,133699.37152073396,168974.4487684249,133699.37152073396
xgboost,8,importance,"lag_4, lag_1, lag_2, lag_8, lag_5, lag_3",6,"{'n_estimators': 600, 'learning_rate': 0.05, 'max_depth': 2, 'subsample': 0.8, 'colsample_bytree': 0.8, 'objective': 'reg:squarederror', 'random_state': 42, 'n_jobs': 1}",0.08231313061495427,0.06541346912066592,423.75507807323515,0.052181260081087415,0.052181260081087415,173264.43614787687,135930.48904791576,66.22385291863843,135930.48904791576,135930.48904791576,173264.43614787687,135930.48904791576
xgboost,8,importance,"lag_4, lag_1, lag_2, lag_8, lag_5, lag_3",6,"{'n_estimators': 600, 'learning_rate': 0.03, 'max_depth': 2, 'subsample': 0.8, 'colsample_bytree': 1.0, 'objective': 'reg:squarederror', 'random_state': 42, 'n_jobs': 1}",0.06311425494659605,0.05645554082985742,528.8286495833299,0.05012798133765095,0.05012798133765095,179255.05403050326,140873.3543478893,68.5716018552243,140873.3543478893,140873.3543478893,179255.05403050326,140873.3543478893
xgboost,8,importance,"lag_4, lag_1, lag_2, lag_8, lag_5, lag_3",6,"{'n_estimators': 600, 'learning_rate': 0.03, 'max_depth': 3, 'subsample': 0.8, 'colsample_bytree': 1.0, 'objective': 'reg:squarederror', 'random_state': 42, 'n_jobs': 1}",0.07519612467614348,0.06129281360014743,476.14857837003257,0.05255723059293169,0.05255723059293169,179882.6003756999,140639.4105437151,68.43847334889318,140639.4105437151,140639.4105437151,179882.6003756999,140639.4105437151
xgboost,8,importance,"lag_4, lag_1, lag_2, lag_8, lag_5, lag_3",6,"{'n_estimators': 300, 'learning_rate': 0.05, 'max_depth': 3, 'subsample': 0.8, 'colsample_bytree': 0.8, 'objective': 'reg:squarederror', 'random_state': 42, 'n_jobs': 1}",0.06835889500049541,0.05862587046138541,522.9204441504514,0.050308825996342586,0.050308825996342586,183295.2593824256,146815.58512568317,71.7591000401563,146815.58512568317,146815.58512568317,183295.2593824256,146815.58512568317
xgboost,8,importance,"lag_4, lag_1, lag_2, lag_8, lag_5, lag_3",6,"{'n_estimators': 600, 'learning_rate': 0.05, 'max_depth': 2, 'subsample': 1.0, 'colsample_bytree': 1.0, 'objective': 'reg:squarederror', 'random_state': 42, 'n_jobs': 1}",0.07928147638586336,0.06754510475092804,607.6760267221716,0.05732023216899771,0.05732023216899771,197639.78201117855,150053.85058988247,72.6254541911489,150053.85058988247,150053.85058988247,197639.78201117855,150053.85058988247
xgboost,8,importance,"lag_4, lag_1, lag_2, lag_8, lag_5, lag_3",6,"{'n_estimators': 600, 'learning_rate': 0.03, 'max_depth': 3, 'subsample': 1.0, 'colsample_bytree': 0.8, 'objective': 'reg:squarederror', 'random_state': 42, 'n_jobs': 1}",0.07400339454311196,0.06303578730688396,540.9167714128539,0.056088332291869866,0.056088332291869866,198656.97515068253,154224.0768664834,74.9333580547229,154224.0768664834,154224.0768664834,198656.97515068253,154224.0768664834
xgboost,8,importance,"lag_4, lag_1, lag_2, lag_8, lag_5, lag_3",6,"{'n_estimators': 600, 'learning_rate': 0.05, 'max_depth': 3, 'subsample': 1.0, 'colsample_bytree': 1.0, 'objective': 'reg:squarederror', 'random_state': 42, 'n_jobs': 1}",0.0720946972288052,0.06287269939145088,540.4303184162817,0.05679282292055155,0.05679282292055155,206017.31241834364,160668.03400954636,78.11913560876779,160668.03400954636,160668.03400954636,206017.31241834364,160668.03400954636
xgboost,8,importance,"lag_4, lag_1, lag_2, lag_8, lag_5, lag_3",6,"{'n_estimators': 600, 'learning_rate': 0.03, 'max_depth': 3, 'subsample': 1.0, 'colsample_bytree': 1.0, 'objective': 'reg:squarederror', 'random_state': 42, 'n_jobs': 1}",0.07144121650550837,0.06322784782267685,607.3903215520762,0.05717397795811779,0.05717397795811779,210758.56789746293,164588.23723407395,80.04486774062663,164588.23723407395,164588.23723407395,210758.56789746293,164588.23723407395
